{
  "timestamp": "2025-10-28T20:47:45.695612Z",
  "config": {
    "weights_path": "chest_aid_densenet121.pth",
    "test_dir": "./test",
    "out_dir": "./saliency_metrics",
    "t_value": 1.171,
    "img_size": 224,
    "batch_size": 8,
    "n_images": 64,
    "ks": [
      1,
      3,
      5,
      10,
      20,
      30,
      40,
      50
    ],
    "sufficiency_fill": "mean",
    "deletion_fill": "blur",
    "seed": 42
  },
  "metrics": {
    "sufficiency_auc_mean": 0.9893604819069259,
    "deletion_auc_mean": 0.6008403014914061,
    "sanity_corr_mean": -0.0038968459302850533
  },
  "curves": {
    "ks": [
      1,
      3,
      5,
      10,
      20,
      30,
      40,
      50
    ],
    "avg_keep_curve": [
      0.9981766445562243,
      0.9967340612784028,
      0.9974040417000651,
      0.9939292585477233,
      0.9896789519116282,
      0.9812033288180828,
      0.9895716235041618,
      0.9874192392453551
    ],
    "avg_del_curve": [
      0.31951202240520615,
      0.33770891539643344,
      0.3469549797846412,
      0.4288509083853569,
      0.5788576865452342,
      0.6200021035656391,
      0.7575871461594943,
      0.8902102191932499
    ]
  }
}